{
    "model": {
        "in_channel": 3,
        "rnn_type": "LSTM",
        "bidirectional": 1,
        "hirarchial": 1,
        "filters": [32,64,64],
        "kernal_size": 3,
        "maxpool": [1,4],
        "rnn_hidden_size": 256,
        "rnn_input_size": 256,
        "rnn_layers": 1,
        "padding": 1,
        "stride": 1,
        "output_size": 257,
        "learning_rate": 0.001,
        "weight_decay": 1e-6,
        "num_epochs": 100,
        "use_cuda": 1
    },

    "data": {
        "test_array": "test_array_robovox.txt",
        "train_array": "train_array_robovox.txt",
        "stft_mask_dir": "/srv/storage/talc3@talc-data.nancy/multispeech/calcul/users/sdowerah/data/dataset/LibriSpeech/audio/train-reverb-robovox/stft_mask/",
        "model_dir": "/srv/storage/talc3@talc-data.nancy/multispeech/calcul/users/sdowerah/data/dataset/LibriSpeech/audio/train-reverb-robovox/MODEL/CRNN_HBLSTM/",
        "checkpoint_model_path": "/srv/storage/talc3@talc-data.nancy/multispeech/calcul/users/sdowerah/data/dataset/LibriSpeech/audio/train-reverb-robovox/MODEL/CRNN_HBLSTM/SpeechEnhancement_Model_Epoch_2.pt",
        "checkpoint_optimizer_path": "/srv/storage/talc3@talc-data.nancy/multispeech/calcul/users/sdowerah/data/dataset/LibriSpeech/audio/train-reverb-robovox/MODEL/CRNN_HBLSTM/SpeechEnhancement_Optimizer_Epoch_2.pt",
        "checkpoint_interval": 1,
        "stft_norm_path": "/srv/storage/talc3@talc-data.nancy/multispeech/calcul/users/sdowerah/data/dataset/LibriSpeech/audio/train-reverb-robovox/NORM_PARAM/stft_normparam.npy",
        "mask_norm_path": "/srv/storage/talc3@talc-data.nancy/multispeech/calcul/users/sdowerah/data/dataset/LibriSpeech/audio/train-reverb-robovox/NORM_PARAM/mask_normparam.npy",
        "win_len": 512,
        "hop_len": 256,
        "sr": 16000,
        "STFT_MIN": 1e-6,
        "STFT_MAX": 1e3,
        "Noisy_dirpath": "/srv/storage/talc3@talc-data.nancy/multispeech/calcul/users/sdowerah/data/dataset/LibriSpeech/audio/train-reverb-robovox/WAV/Noisy",
        "Target_dirpath": "/srv/storage/talc3@talc-data.nancy/multispeech/calcul/users/sdowerah/data/dataset/LibriSpeech/audio/train-reverb-robovox/WAV/Target",
        "Noise_dirpath": "/srv/storage/talc3@talc-data.nancy/multispeech/calcul/users/sdowerah/data/dataset/LibriSpeech/audio/train-reverb-robovox/WAV/Noise",
        "out_wav_dir": "",
        "norm_type": "mean-var",
        "nchannel": 3

    }


}
